Rank,Total_USD,Display_Name,Bio,Farcaster,Twitter_X,Warpcast,Twitter_Link,Etherscan,Followers,Address
1,"$2,155,315",Patricio Worthalter,From Buenos Aires. Founder of POAP.,@worthalter,@worthalter,https://warpcast.com/worthalter,https://twitter.com/worthalter,https://etherscan.io/address/0xf6b6f07862a02c85628b3a9688beae07fea9c863,4366,0xf6b6f07862a02c85628b3a9688beae07fea9c863
2,"$331,189",Gami,Excellent squash player. Average skateboarder. Initial contributor @gnars and shieldedeth.com ⌐◨-◨,@gami,@gami_vc,https://warpcast.com/gami,https://twitter.com/gami_vc,https://etherscan.io/address/0x387a161c6b25aa854100abaed39274e51aaffffd,61357,0x387a161c6b25aa854100abaed39274e51aaffffd
3,"$178,747",wijuwiju.eth,chain rewards the curious | initial contributor at @interface | /interface,@wijuwiju.eth,,https://warpcast.com/wijuwiju.eth,,https://etherscan.io/address/0xf4844a06d4f995c4c03195afcb5aa59dcbb5b4fc,58631,0xf4844a06d4f995c4c03195afcb5aa59dcbb5b4fc
4,"$159,315",Haardik,"haardik.dev | @base | unreasonably optimistic, relentlessly curious",@haardikkk,@haardikkk,https://warpcast.com/haardikkk,https://twitter.com/haardikkk,https://etherscan.io/address/0x0d1f2bd5351a65a78ac0bef3c8faef643c046508,6311,0x0d1f2bd5351a65a78ac0bef3c8faef643c046508
5,"$71,866",PartyDAO,Making crypto multiplayer. create.party.app,@partydao,,https://warpcast.com/partydao,,https://etherscan.io/address/0xeddeb6f119cbfe24741a6333dc69bfffcbd1dca1,19793,0xeddeb6f119cbfe24741a6333dc69bfffcbd1dca1
6,"$66,580",neos,"Product designer, UX designer, AI + Figma",@neos88,@neos88_,https://warpcast.com/neos88,https://twitter.com/neos88_,https://etherscan.io/address/0x6d1ee3d996198dd2092c66e5bd3ae3bb5d3b466a,5203,0x6d1ee3d996198dd2092c66e5bd3ae3bb5d3b466a
7,"$56,287",Jordan Lyall,"CPO at /artblocks | 
Ex:  /prohibition, ConsenSys, Nifty’s, JibJab | 
co-creator of /heartandcraft",@jordanlyall,@jordanlyall,https://warpcast.com/jordanlyall,https://twitter.com/jordanlyall,https://etherscan.io/address/0x9fe13c659d7a39b11cf4262c93d5e5f8c91e51c1,9612,0x9fe13c659d7a39b11cf4262c93d5e5f8c91e51c1
8,"$31,727",arjun,crypto investments @paradigm; boston sports fan,@arjun,@arjunblj,https://warpcast.com/arjun,https://twitter.com/arjunblj,https://etherscan.io/address/0xe6adef9101d9694b6fac17b4f1629650768661b1,58647,0xe6adef9101d9694b6fac17b4f1629650768661b1
9,"$27,670",Swishh.eth,terminally online - https://swishh.wtf,@swishh.eth,@swi3hh,https://warpcast.com/swishh.eth,https://twitter.com/swi3hh,https://etherscan.io/address/0x09ca6926f0a1fa30ddc04710db2d89ec0d73b608,10754,0x09ca6926f0a1fa30ddc04710db2d89ec0d73b608
10,"$27,261",Linda Xie,"taking a break to self study physics. previously: dev eco @farcaster, cofounder 
@bountycaster and scalar capital, early",@linda,@ljxie,https://warpcast.com/linda,https://twitter.com/ljxie,https://etherscan.io/address/0x5e349eca2dc61abcd9dd99ce94d04136151a09ee,474101,0x5e349eca2dc61abcd9dd99ce94d04136151a09ee
11,"$24,206",totty 🔥🧶,"daily art (glitch, dither, distortion) | ex-{Meta, MIT} | punk #3169 | Medici Emerging Artist | x.com/totdgbtagb | linkt",@totty.eth,@totdgbtagb,https://warpcast.com/totty.eth,https://twitter.com/totdgbtagb,https://etherscan.io/address/0x1439b4d5a72343b68f12398c649df99d76b2af53,4756,0x1439b4d5a72343b68f12398c649df99d76b2af53
12,"$23,641",Catherine Chang,"⭐️ co-founder / design @megaphone-hq @deform
🐧 pudgypenguins SF huddle lead 
💙 prev atlassian 
🐻 berkeley alum",@unhappiimochii,@unhappiimochii,https://warpcast.com/unhappiimochii,https://twitter.com/unhappiimochii,https://etherscan.io/address/0xc4a959af92b73b3d783fa2569f1f9776d2136ce9,1378,0xc4a959af92b73b3d783fa2569f1f9776d2136ce9
13,"$20,787",Julie,Debian Girl (derogatory) @ ChainSecurity,@bbjubjub,@0xbbjubjub,https://warpcast.com/bbjubjub,https://twitter.com/0xbbjubjub,https://etherscan.io/address/0xcc717037652940f319272b0bf57591e41d157f95,2562,0xcc717037652940f319272b0bf57591e41d157f95
14,"$16,768",Ombre🎩💙,I build tech things,@0mbre,@0mbre,https://warpcast.com/0mbre,https://twitter.com/0mbre,https://etherscan.io/address/0xa9f9c0eac673e215e7f18b38531b24c6b8edf861,8002,0xa9f9c0eac673e215e7f18b38531b24c6b8edf861
15,"$16,687",sudo rm -rf --no-preserve-root /,"𝐖𝐨𝐫𝐤𝐢𝐧𝐠 𝐨𝐧 𝐰𝐡𝐚𝐭'𝐬 𝐧𝐞𝐱𝐭.

https://github.com/pcaversaccio",@pcaversaccio,,https://warpcast.com/pcaversaccio,,https://etherscan.io/address/0x07bf3cda34aa78d92949bbdce31520714ab5b228,6141,0x07bf3cda34aa78d92949bbdce31520714ab5b228
16,"$15,057",Naillik🤪🎭,It is me ;-),@naillik,,https://warpcast.com/naillik,,https://etherscan.io/address/0x2d9c019472075e4dadf0e3b930ca77518c0c4723,1596,0x2d9c019472075e4dadf0e3b930ca77518c0c4723
17,"$14,698",bpinnyc.base.eth 🌎☮️ 🎩,"Beer snob, O.P.I.U.M., pups, sogs in that order 

⟁",@bp,@bp__,https://warpcast.com/bp,https://twitter.com/bp__,https://etherscan.io/address/0x1341df844780b66af4ccc98ae0f34be87eabe1d5,2589,0x1341df844780b66af4ccc98ae0f34be87eabe1d5
18,"$13,964",John Palmer 💡,Senior Idea Guy. Working on @partydao,@john,,https://warpcast.com/john,,https://etherscan.io/address/0xb0623c91c65621df716ab8afe5f66656b21a9108,14978,0xb0623c91c65621df716ab8afe5f66656b21a9108
19,"$12,478",Connor McCormick ☀️,"The only problem is externality pricing.

Building https://negationgame.com",@nor,@connormcmk,https://warpcast.com/nor,https://twitter.com/connormcmk,https://etherscan.io/address/0x4f8c531df3d97c6cd437ac8dfe756975445d1161,67581,0x4f8c531df3d97c6cd437ac8dfe756975445d1161
20,"$12,260",Mikko Ohtamaa,"Talks about coffee, cybersecurity, blockchain. Building on-chain algo trading - join our Discord https://tradingstrategy",@moo,@moo9000,https://warpcast.com/moo,https://twitter.com/moo9000,https://etherscan.io/address/0x7612a94aaff7a552c373e3124654c1539a4486a8,5973,0x7612a94aaff7a552c373e3124654c1539a4486a8
21,"$10,839",Jon Perkins,Co-founder @SuperRare,@humanzero,,https://warpcast.com/humanzero,,https://etherscan.io/address/0x335e19b3f5dcfa2e398ee7d5ff430a1f8ccc88b2,4779,0x335e19b3f5dcfa2e398ee7d5ff430a1f8ccc88b2
22,"$10,214",horsefacts,I work at the posts office.,@horsefacts.eth,@eth_call,https://warpcast.com/horsefacts.eth,https://twitter.com/eth_call,https://etherscan.io/address/0x79d31bfca5fda7a4f15b36763d2e44c99d811a6c,389955,0x79d31bfca5fda7a4f15b36763d2e44c99d811a6c
23,"$8,940",Adam,https://token.works,@rhynotic,@rhynotic,https://warpcast.com/rhynotic,https://twitter.com/rhynotic,https://etherscan.io/address/0xfc3c962fad2c1cc77f1a0d46e7b8a2de79a21774,3144,0xfc3c962fad2c1cc77f1a0d46e7b8a2de79a21774
24,"$7,195",standpoint 🎩,"Web3 marketer. Head of lots of stillborn, but cool projects. Blockchain for democracies.

Degenify | Degen House | The B",@standpoint.eth,@lastpiecenft,https://warpcast.com/standpoint.eth,https://twitter.com/lastpiecenft,https://etherscan.io/address/0xfbdf556eded78c467f58be91d6d56f6eafb16dc1,3890,0xfbdf556eded78c467f58be91d6d56f6eafb16dc1
