Rank,Balance_USD,ENS,Display_Name,Bio,Email,Email_Source,Telegram,Discord,Website,Farcaster,Twitter_X,Warpcast,Twitter_URL,Etherscan,Followers
1,"$2,343,735",,Patricio Worthalter,From Buenos Aires. Founder of POAP.,,,,,,@worthalter,@worthalter,https://warpcast.com/worthalter,https://twitter.com/worthalter,https://etherscan.io/address/0xf6b6f07862a02c85628b3a9688beae07fea9c863,4366
2,"$331,189",,Gami,Excellent squash player. Average skateboarder. Initial contributor @gnars and shieldedeth.com ⌐◨-◨,,,,,,@gami,@gami_vc,https://warpcast.com/gami,https://twitter.com/gami_vc,https://etherscan.io/address/0x387a161c6b25aa854100abaed39274e51aaffffd,61357
3,"$23,641",,Catherine Chang,"⭐️ co-founder / design @megaphone-hq @deform
🐧 pudgypenguins SF huddle lead 
💙 prev atlassian 
🐻 berkeley alum",,,,,,@unhappiimochii,@unhappiimochii,https://warpcast.com/unhappiimochii,https://twitter.com/unhappiimochii,https://etherscan.io/address/0xc4a959af92b73b3d783fa2569f1f9776d2136ce9,1378
4,"$15,057",,Naillik🤪🎭,It is me ;-),,,,,,@naillik,,https://warpcast.com/naillik,,https://etherscan.io/address/0x2d9c019472075e4dadf0e3b930ca77518c0c4723,1596
5,"$14,312",,bpinnyc.base.eth 🌎☮️ 🎩,"Beer snob, O.P.I.U.M., pups, sogs in that order 

⟁",,,,,,@bp,@bp__,https://warpcast.com/bp,https://twitter.com/bp__,https://etherscan.io/address/0x1341df844780b66af4ccc98ae0f34be87eabe1d5,2589
6,"$13,964",,John Palmer 💡,Senior Idea Guy. Working on @partydao,,,,,,@john,,https://warpcast.com/john,,https://etherscan.io/address/0xb0623c91c65621df716ab8afe5f66656b21a9108,14978
7,"$12,260",,Mikko Ohtamaa,"Talks about coffee, cybersecurity, blockchain. Building on-chain algo trading - join our Discord https://tradingstrategy",info@capitalgram.com,web_search,,,,@moo,@moo9000,https://warpcast.com/moo,https://twitter.com/moo9000,https://etherscan.io/address/0x7612a94aaff7a552c373e3124654c1539a4486a8,5973
8,"$8,940",,Adam,https://token.works,,,,,,@rhynotic,@rhynotic,https://warpcast.com/rhynotic,https://twitter.com/rhynotic,https://etherscan.io/address/0xfc3c962fad2c1cc77f1a0d46e7b8a2de79a21774,3144
9,"$7,195",,standpoint 🎩,"Web3 marketer. Head of lots of stillborn, but cool projects. Blockchain for democracies.

Degenify | Degen House | The B",,,,,,@standpoint.eth,@lastpiecenft,https://warpcast.com/standpoint.eth,https://twitter.com/lastpiecenft,https://etherscan.io/address/0xfbdf556eded78c467f58be91d6d56f6eafb16dc1,3890
