Rank,True_USD_9chains,Old_USD,Name,Chains,Top_Assets,Farcaster,Twitter,Etherscan,Address
1,"$2,437,408","$2,155,315",Patricio Worthalter,"arbitrum, base, eth, optimism, polygon","ETH($2,001,195), USDC($91,596), FLIP($91,496), USDC($81,224), ARB($74,116)",@worthalter,@worthalter,https://etherscan.io/address/0xf6b6f07862a02c85628b3a9688beae07fea9c863,0xf6b6f07862a02c85628b3a9688beae07fea9c863
2,"$341,023","$331,189",Gami,eth,"ETH($333,000), AICC($4,605), IMF($3,146), ETH($98), WETH($52)",@gami,@gami_vc,https://etherscan.io/address/0x387a161c6b25aa854100abaed39274e51aaffffd,0x387a161c6b25aa854100abaed39274e51aaffffd
3,"$191,165","$178,747",wijuwiju.eth,"arbitrum, base, eth, optimism","ETH($171,726), AICC($4,605), COW($2,391), UNI($1,953), USDC($1,815)",@wijuwiju.eth,,https://etherscan.io/address/0xf4844a06d4f995c4c03195afcb5aa59dcbb5b4fc,0xf4844a06d4f995c4c03195afcb5aa59dcbb5b4fc
4,"$170,707","$159,315",Haardik,"arbitrum, base, eth, optimism","ETH($157,927), AICC($4,605), ETH($3,614), ETH($2,461), ETH($942)",@haardikkk,@haardikkk,https://etherscan.io/address/0x0d1f2bd5351a65a78ac0bef3c8faef643c046508,0x0d1f2bd5351a65a78ac0bef3c8faef643c046508
5,"$79,041","$71,866",PartyDAO,"base, eth, optimism","USDC($71,645), ETH($6,599), ETH($496), ETH($254), OP($10)",@partydao,,https://etherscan.io/address/0xeddeb6f119cbfe24741a6333dc69bfffcbd1dca1,0xeddeb6f119cbfe24741a6333dc69bfffcbd1dca1
6,"$68,738","$66,580",neos,"bsc, eth","WBTC($66,015), BNB($2,268), ETH($396), WETH($46), USDC($7)",@neos88,@neos88_,https://etherscan.io/address/0x6d1ee3d996198dd2092c66e5bd3ae3bb5d3b466a,0x6d1ee3d996198dd2092c66e5bd3ae3bb5d3b466a
7,"$66,955","$16,687",sudo rm -rf --no-preserve-root /,"arbitrum, base, eth, optimism","ETH($43,238), OP($16,594), USDC($3,956), USDC($2,227), ETH($235)",@pcaversaccio,,https://etherscan.io/address/0x07bf3cda34aa78d92949bbdce31520714ab5b228,0x07bf3cda34aa78d92949bbdce31520714ab5b228
8,"$56,408","$56,287",Jordan Lyall,eth,"ETH($56,181), ETH($91), ETH($68), ETH($62), XCN($6)",@jordanlyall,@jordanlyall,https://etherscan.io/address/0x9fe13c659d7a39b11cf4262c93d5e5f8c91e51c1,0x9fe13c659d7a39b11cf4262c93d5e5f8c91e51c1
9,"$52,597","$20,787",Julie,eth,"ETH($31,284), WETH($20,773), wstETH($537), ZCHF($1), LUSD($1)",@bbjubjub,@0xbbjubjub,https://etherscan.io/address/0xcc717037652940f319272b0bf57591e41d157f95,0xcc717037652940f319272b0bf57591e41d157f95
10,"$49,612","$14,698",bpinnyc.base.eth 🌎☮️ 🎩,"arbitrum, base, eth, optimism, polygon","ETH($6,849), TIBBIR($6,108), LBTC($5,690), USDC($5,380), WETH($5,250)",@bp,@bp__,https://etherscan.io/address/0x1341df844780b66af4ccc98ae0f34be87eabe1d5,0x1341df844780b66af4ccc98ae0f34be87eabe1d5
11,"$37,786","$16,768",Ombre🎩💙,"bsc, eth","MKR($19,200), USDC($16,774), USDC($1,714), ETH($49), BNB($21)",@0mbre,@0mbre,https://etherscan.io/address/0xa9f9c0eac673e215e7f18b38531b24c6b8edf861,0xa9f9c0eac673e215e7f18b38531b24c6b8edf861
12,"$36,915","$27,670",Swishh.eth,"base, eth","USDC($15,009), ETH($12,650), AICC($4,605), aEthUSDC($3,728), ETH($358)",@swishh.eth,@swi3hh,https://etherscan.io/address/0x09ca6926f0a1fa30ddc04710db2d89ec0d73b608,0x09ca6926f0a1fa30ddc04710db2d89ec0d73b608
13,"$36,540","$31,727",arjun,"base, eth","ETH($21,929), USDT($8,799), AICC($4,605), USDC($980), HIGHER($199)",@arjun,@arjunblj,https://etherscan.io/address/0xe6adef9101d9694b6fac17b4f1629650768661b1,0xe6adef9101d9694b6fac17b4f1629650768661b1
14,"$34,923","$24,206",totty 🔥🧶,"base, bsc, eth, optimism","stETH($19,489), ETH($5,171), AICC($4,605), ETH($3,305), BNKR($1,701)",@totty.eth,@totdgbtagb,https://etherscan.io/address/0x1439b4d5a72343b68f12398c649df99d76b2af53,0x1439b4d5a72343b68f12398c649df99d76b2af53
15,"$31,575","$23,641",Catherine Chang,"arbitrum, base, eth","ETH($21,416), AICC($4,605), USDC($2,807), USDC($2,207), ETH($192)",@unhappiimochii,@unhappiimochii,https://etherscan.io/address/0xc4a959af92b73b3d783fa2569f1f9776d2136ce9,0xc4a959af92b73b3d783fa2569f1f9776d2136ce9
16,"$28,834","$27,261",Linda Xie,"base, eth, optimism, polygon","ETH($24,721), USDC($1,740), USDC($1,194), ETH($288), USDC($225)",@linda,@ljxie,https://etherscan.io/address/0x5e349eca2dc61abcd9dd99ce94d04136151a09ee,0x5e349eca2dc61abcd9dd99ce94d04136151a09ee
17,"$24,707","$7,195",standpoint 🎩,"arbitrum, base, eth, optimism","stETH($10,195), ETH($7,229), AICC($4,605), ARB($505), ZRO($362)",@standpoint.eth,@lastpiecenft,https://etherscan.io/address/0xfbdf556eded78c467f58be91d6d56f6eafb16dc1,0xfbdf556eded78c467f58be91d6d56f6eafb16dc1
18,"$24,012","$10,839",Jon Perkins,"base, eth","RARE($6,978), ETH($6,972), AICC($4,605), WETH($3,828), ETH($833)",@humanzero,,https://etherscan.io/address/0x335e19b3f5dcfa2e398ee7d5ff430a1f8ccc88b2,0x335e19b3f5dcfa2e398ee7d5ff430a1f8ccc88b2
19,"$23,285","$8,940",Adam,"base, eth","ETH($15,314), AICC($4,605), QR($1,002), PVC($421), USDC($389)",@rhynotic,@rhynotic,https://etherscan.io/address/0xfc3c962fad2c1cc77f1a0d46e7b8a2de79a21774,0xfc3c962fad2c1cc77f1a0d46e7b8a2de79a21774
20,"$21,825","$13,964",John Palmer 💡,"arbitrum, base, eth, optimism","WBTC($7,058), AICC($4,605), WLD($3,806), ETH($1,487), CULT($1,384)",@john,,https://etherscan.io/address/0xb0623c91c65621df716ab8afe5f66656b21a9108,0xb0623c91c65621df716ab8afe5f66656b21a9108
21,"$21,699","$12,478",Connor McCormick ☀️,"base, eth, optimism, polygon","ETH($12,191), cbETH($4,975), USDC($1,317), DAI($1,242), cbETH($853)",@nor,@connormcmk,https://etherscan.io/address/0x4f8c531df3d97c6cd437ac8dfe756975445d1161,0x4f8c531df3d97c6cd437ac8dfe756975445d1161
22,"$19,256","$15,057",Naillik🤪🎭,"bsc, eth","ETH($14,049), USDC($1,982), BNB($1,527), LINK($589), AAVE($438)",@naillik,,https://etherscan.io/address/0x2d9c019472075e4dadf0e3b930ca77518c0c4723,0x2d9c019472075e4dadf0e3b930ca77518c0c4723
23,"$13,506","$12,260",Mikko Ohtamaa,"arbitrum, base, bsc, eth","ETH($10,752), USDC($1,567), USD₮0($449), ETH($307), USDT($121)",@moo,@moo9000,https://etherscan.io/address/0x7612a94aaff7a552c373e3124654c1539a4486a8,0x7612a94aaff7a552c373e3124654c1539a4486a8
24,"$10,732","$10,214",horsefacts,eth,"wstETH($6,968), ETH($3,476), LDO($100), MATIC($53), DOG($31)",@horsefacts.eth,@eth_call,https://etherscan.io/address/0x79d31bfca5fda7a4f15b36763d2e44c99d811a6c,0x79d31bfca5fda7a4f15b36763d2e44c99d811a6c
