Rank,True_USD,Moralis_USD,Old_USD,Name,Farcaster,Twitter,Chains,Etherscan,Address
1,"$2,155,315",$0,"$2,155,315",Patricio Worthalter,@worthalter,@worthalter,,https://etherscan.io/address/0xf6b6f07862a02c85628b3a9688beae07fea9c863,0xf6b6f07862a02c85628b3a9688beae07fea9c863
2,"$331,189",$0,"$331,189",Gami,@gami,@gami_vc,,https://etherscan.io/address/0x387a161c6b25aa854100abaed39274e51aaffffd,0x387a161c6b25aa854100abaed39274e51aaffffd
3,"$178,747",$0,"$178,747",wijuwiju.eth,@wijuwiju.eth,,,https://etherscan.io/address/0xf4844a06d4f995c4c03195afcb5aa59dcbb5b4fc,0xf4844a06d4f995c4c03195afcb5aa59dcbb5b4fc
4,"$159,315",$0,"$159,315",Haardik,@haardikkk,@haardikkk,,https://etherscan.io/address/0x0d1f2bd5351a65a78ac0bef3c8faef643c046508,0x0d1f2bd5351a65a78ac0bef3c8faef643c046508
5,"$71,866",$0,"$71,866",PartyDAO,@partydao,,,https://etherscan.io/address/0xeddeb6f119cbfe24741a6333dc69bfffcbd1dca1,0xeddeb6f119cbfe24741a6333dc69bfffcbd1dca1
6,"$66,580",$0,"$66,580",neos,@neos88,@neos88_,,https://etherscan.io/address/0x6d1ee3d996198dd2092c66e5bd3ae3bb5d3b466a,0x6d1ee3d996198dd2092c66e5bd3ae3bb5d3b466a
7,"$56,287",$0,"$56,287",Jordan Lyall,@jordanlyall,@jordanlyall,,https://etherscan.io/address/0x9fe13c659d7a39b11cf4262c93d5e5f8c91e51c1,0x9fe13c659d7a39b11cf4262c93d5e5f8c91e51c1
8,"$31,727",$0,"$31,727",arjun,@arjun,@arjunblj,,https://etherscan.io/address/0xe6adef9101d9694b6fac17b4f1629650768661b1,0xe6adef9101d9694b6fac17b4f1629650768661b1
9,"$27,670",$0,"$27,670",Swishh.eth,@swishh.eth,@swi3hh,,https://etherscan.io/address/0x09ca6926f0a1fa30ddc04710db2d89ec0d73b608,0x09ca6926f0a1fa30ddc04710db2d89ec0d73b608
10,"$27,261",$0,"$27,261",Linda Xie,@linda,@ljxie,,https://etherscan.io/address/0x5e349eca2dc61abcd9dd99ce94d04136151a09ee,0x5e349eca2dc61abcd9dd99ce94d04136151a09ee
11,"$24,206",$0,"$24,206",totty 🔥🧶,@totty.eth,@totdgbtagb,,https://etherscan.io/address/0x1439b4d5a72343b68f12398c649df99d76b2af53,0x1439b4d5a72343b68f12398c649df99d76b2af53
12,"$23,641",$0,"$23,641",Catherine Chang,@unhappiimochii,@unhappiimochii,,https://etherscan.io/address/0xc4a959af92b73b3d783fa2569f1f9776d2136ce9,0xc4a959af92b73b3d783fa2569f1f9776d2136ce9
13,"$20,787",$0,"$20,787",Julie,@bbjubjub,@0xbbjubjub,,https://etherscan.io/address/0xcc717037652940f319272b0bf57591e41d157f95,0xcc717037652940f319272b0bf57591e41d157f95
14,"$16,768",$0,"$16,768",Ombre🎩💙,@0mbre,@0mbre,,https://etherscan.io/address/0xa9f9c0eac673e215e7f18b38531b24c6b8edf861,0xa9f9c0eac673e215e7f18b38531b24c6b8edf861
15,"$16,687",$0,"$16,687",sudo rm -rf --no-preserve-root /,@pcaversaccio,,,https://etherscan.io/address/0x07bf3cda34aa78d92949bbdce31520714ab5b228,0x07bf3cda34aa78d92949bbdce31520714ab5b228
16,"$15,057",$0,"$15,057",Naillik🤪🎭,@naillik,,,https://etherscan.io/address/0x2d9c019472075e4dadf0e3b930ca77518c0c4723,0x2d9c019472075e4dadf0e3b930ca77518c0c4723
17,"$14,698",$0,"$14,698",bpinnyc.base.eth 🌎☮️ 🎩,@bp,@bp__,,https://etherscan.io/address/0x1341df844780b66af4ccc98ae0f34be87eabe1d5,0x1341df844780b66af4ccc98ae0f34be87eabe1d5
18,"$13,964",$0,"$13,964",John Palmer 💡,@john,,,https://etherscan.io/address/0xb0623c91c65621df716ab8afe5f66656b21a9108,0xb0623c91c65621df716ab8afe5f66656b21a9108
19,"$12,478",$0,"$12,478",Connor McCormick ☀️,@nor,@connormcmk,,https://etherscan.io/address/0x4f8c531df3d97c6cd437ac8dfe756975445d1161,0x4f8c531df3d97c6cd437ac8dfe756975445d1161
20,"$12,260",$0,"$12,260",Mikko Ohtamaa,@moo,@moo9000,,https://etherscan.io/address/0x7612a94aaff7a552c373e3124654c1539a4486a8,0x7612a94aaff7a552c373e3124654c1539a4486a8
21,"$10,839",$0,"$10,839",Jon Perkins,@humanzero,,,https://etherscan.io/address/0x335e19b3f5dcfa2e398ee7d5ff430a1f8ccc88b2,0x335e19b3f5dcfa2e398ee7d5ff430a1f8ccc88b2
22,"$10,214",$0,"$10,214",horsefacts,@horsefacts.eth,@eth_call,,https://etherscan.io/address/0x79d31bfca5fda7a4f15b36763d2e44c99d811a6c,0x79d31bfca5fda7a4f15b36763d2e44c99d811a6c
23,"$8,940",$0,"$8,940",Adam,@rhynotic,@rhynotic,,https://etherscan.io/address/0xfc3c962fad2c1cc77f1a0d46e7b8a2de79a21774,0xfc3c962fad2c1cc77f1a0d46e7b8a2de79a21774
24,"$7,195",$0,"$7,195",standpoint 🎩,@standpoint.eth,@lastpiecenft,,https://etherscan.io/address/0xfbdf556eded78c467f58be91d6d56f6eafb16dc1,0xfbdf556eded78c467f58be91d6d56f6eafb16dc1
