Rank,Total_USD,ETH_USD,Base_USD,Arb_USD,OP_USD,Display_Name,Bio,Farcaster,Twitter_X,Warpcast,Etherscan,Followers
1,"$178,747","$174,034",$0,$0,"$4,712",wijuwiju.eth,chain rewards the curious | initial contributor at @interface | /interface,@wijuwiju.eth,,https://warpcast.com/wijuwiju.eth,https://etherscan.io/address/0xf4844a06d4f995c4c03195afcb5aa59dcbb5b4fc,58631
2,"$159,315","$158,370",$0,$0,$945,Haardik,"haardik.dev | @base | unreasonably optimistic, relentlessly curious",@haardikkk,@haardikkk,https://warpcast.com/haardikkk,https://etherscan.io/address/0x0d1f2bd5351a65a78ac0bef3c8faef643c046508,6311
3,"$71,866","$71,856",$0,$0,$10,PartyDAO,Making crypto multiplayer. create.party.app,@partydao,,https://warpcast.com/partydao,https://etherscan.io/address/0xeddeb6f119cbfe24741a6333dc69bfffcbd1dca1,19793
4,"$66,580","$66,580",$0,$0,$0,neos,"Product designer, UX designer, AI + Figma",@neos88,@neos88_,https://warpcast.com/neos88,https://etherscan.io/address/0x6d1ee3d996198dd2092c66e5bd3ae3bb5d3b466a,5203
5,"$56,287","$56,219",$0,$0,$68,Jordan Lyall,"CPO at /artblocks | 
Ex:  /prohibition, ConsenSys, Nifty’s, JibJab | 
co-creator of /heartandcraft",@jordanlyall,@jordanlyall,https://warpcast.com/jordanlyall,https://etherscan.io/address/0x9fe13c659d7a39b11cf4262c93d5e5f8c91e51c1,9612
6,"$31,727","$31,727",$0,$0,$0,arjun,crypto investments @paradigm; boston sports fan,@arjun,@arjunblj,https://warpcast.com/arjun,https://etherscan.io/address/0xe6adef9101d9694b6fac17b4f1629650768661b1,58647
7,"$27,670","$27,670",$0,$0,$0,Swishh.eth,terminally online - https://swishh.wtf,@swishh.eth,@swi3hh,https://warpcast.com/swishh.eth,https://etherscan.io/address/0x09ca6926f0a1fa30ddc04710db2d89ec0d73b608,10754
8,"$27,261","$26,637",$0,$0,$624,Linda Xie,"taking a break to self study physics. previously: dev eco @farcaster, cofounder 
@bountycaster and s",@linda,@ljxie,https://warpcast.com/linda,https://etherscan.io/address/0x5e349eca2dc61abcd9dd99ce94d04136151a09ee,474101
9,"$24,206","$23,938",$0,$0,$268,totty 🔥🧶,"daily art (glitch, dither, distortion) | ex-{Meta, MIT} | punk #3169 | Medici Emerging Artist | x.co",@totty.eth,@totdgbtagb,https://warpcast.com/totty.eth,https://etherscan.io/address/0x1439b4d5a72343b68f12398c649df99d76b2af53,4756
10,"$20,787","$20,787",$0,$0,$0,Julie,Debian Girl (derogatory) @ ChainSecurity,@bbjubjub,@0xbbjubjub,https://warpcast.com/bbjubjub,https://etherscan.io/address/0xcc717037652940f319272b0bf57591e41d157f95,2562
11,"$16,768","$16,768",$0,$0,$0,Ombre🎩💙,I build tech things,@0mbre,@0mbre,https://warpcast.com/0mbre,https://etherscan.io/address/0xa9f9c0eac673e215e7f18b38531b24c6b8edf861,8002
12,"$16,687",$0,$0,$0,"$16,687",sudo rm -rf --no-preserve-root /,"𝐖𝐨𝐫𝐤𝐢𝐧𝐠 𝐨𝐧 𝐰𝐡𝐚𝐭'𝐬 𝐧𝐞𝐱𝐭.

https://github.com/pcaversaccio",@pcaversaccio,,https://warpcast.com/pcaversaccio,https://etherscan.io/address/0x07bf3cda34aa78d92949bbdce31520714ab5b228,6141
13,"$14,698","$14,371",$0,$0,$328,bpinnyc.base.eth 🌎☮️ 🎩,"Beer snob, O.P.I.U.M., pups, sogs in that order 

⟁",@bp,@bp__,https://warpcast.com/bp,https://etherscan.io/address/0x1341df844780b66af4ccc98ae0f34be87eabe1d5,2589
14,"$12,478","$12,394",$0,$0,$84,Connor McCormick ☀️,"The only problem is externality pricing.

Building https://negationgame.com",@nor,@connormcmk,https://warpcast.com/nor,https://etherscan.io/address/0x4f8c531df3d97c6cd437ac8dfe756975445d1161,67581
15,"$10,839","$10,839",$0,$0,$0,Jon Perkins,Co-founder @SuperRare,@humanzero,,https://warpcast.com/humanzero,https://etherscan.io/address/0x335e19b3f5dcfa2e398ee7d5ff430a1f8ccc88b2,4779
16,"$10,760","$10,760",$0,$0,$0,Mikko Ohtamaa,"Talks about coffee, cybersecurity, blockchain. Building on-chain algo trading - join our Discord htt",@moo,@moo9000,https://warpcast.com/moo,https://etherscan.io/address/0x7612a94aaff7a552c373e3124654c1539a4486a8,5973
17,"$10,214","$10,213",$0,$0,$1,horsefacts,I work at the posts office.,@horsefacts.eth,@eth_call,https://warpcast.com/horsefacts.eth,https://etherscan.io/address/0x79d31bfca5fda7a4f15b36763d2e44c99d811a6c,389955
